name,operator,status,payload_leo_kg,payload_gto_kg,payload_escape_kg,fairing_volume_m3,list_price_usd,usd_per_kg_to_leo,usd_per_kg_to_gto,usd_per_kg_to_escape,reference_year,notes,launch_type,origin,trl,max_accel_g,tanker_flights_for_escape,country,availability,reusability,core_propellant,first_flight_year,price_basis,list_price_usd_low,list_price_usd_high,payload_leo_kg_low,payload_leo_kg_high,payload_gto_kg_low,payload_gto_kg_high,payload_escape_kg_low,payload_escape_kg_high,usd_per_kg_to_leo_low,usd_per_kg_to_leo_high,usd_per_kg_to_gto_low,usd_per_kg_to_gto_high,usd_per_kg_to_escape_low,usd_per_kg_to_escape_high,fairing_basis,catalog_date,pipeline_version
Falcon 9 (reusable),SpaceX,operational,17400,5500.0,2500.0,157.0,74000000,4253,13455.0,29600.0,2026,"Source: SpaceX list price (raised to $74M Feb 2026 per SatBase) + Falcon 9 Payload User's Guide.  All payload figures are the drone-ship recovery (reusable) config; see the expendable row. 689 launches, 2 in-flight failures (CRS-7, Starlink 9-3) as of mid-2026.  The LEO low end is the ~17.4 t Starlink stack actually flown, to a LOW insertion orbit: a customer payload to a 400-500 km orbit gets less.  Fairing volume: SpaceX Falcon User's Guide (Sep 2021), Fig 12-5, payload static envelope of the standard fairing: 4,572.5 mm to ST 6,679.6, then a tangent ogive of R 6,818.9 to ST 11,363.5 (the R 771.9 nose cap above it is left out).",chemical_rocket,earth_surface,9,6.0,0,USA,open,first_stage,kerolox,2010,published,74000000,74000000,17400,17500,5500.0,5500.0,2500.0,2500.0,4229,4253,13455.0,13455.0,29600.0,29600.0,guide,2026-09-23,1.18.1
Falcon 9 (expendable),SpaceX,operational,22800,8300.0,4020.0,157.0,104000000,4561,12530.0,25871.0,2026,"Source: SpaceX / Wikipedia payload figures.  SpaceX does not publish an expendable price; $90-120M is the range implied by NASA and NSSL task orders flown expendable; the headline is the centre of that range.  Escape is the published Mars-transfer figure, which is harder than C3=0 and so conservative for it.  Fairing volume: SpaceX Falcon User's Guide (Sep 2021), Fig 12-5, payload static envelope of the standard fairing: 4,572.5 mm to ST 6,679.6, then a tangent ogive of R 6,818.9 to ST 11,363.5 (the R 771.9 nose cap above it is left out).",chemical_rocket,earth_surface,9,6.0,0,USA,open,expendable,kerolox,2010,estimate,90000000,120000000,22800,22800,8300.0,8300.0,4020.0,4020.0,3947,5263,10843.0,14458.0,22388.0,29851.0,guide,2026-09-23,1.18.1
Falcon Heavy (reusable side cores),SpaceX,operational,30000,8000.0,3500.0,157.0,100000000,3333,12500.0,28571.0,2026,"Source: SpaceX $97M (2022) for up to 8 t to GTO with boosters recovered.  The high end carries that forward by the Feb 2026 Falcon 9 rise ($70M -> $74M) to $103M, since SpaceX raised one and the other quote is four years old.  SpaceX publishes no LEO figure for this config: 30 t is the figure in Wikipedia's launcher comparison.  The 57 t this row carried until v1.16.0 had no source and is gone rather than kept as an optimistic end: the headline is now the centre of each band, so an unsourced end would move it.  13 flights, 13 successes; 1 of 3 centre-core landings.  Fairing volume: SpaceX Falcon User's Guide (Sep 2021), Fig 12-5, payload static envelope of the standard fairing: 4,572.5 mm to ST 6,679.6, then a tangent ogive of R 6,818.9 to ST 11,363.5 (the R 771.9 nose cap above it is left out).",chemical_rocket,earth_surface,9,6.0,0,USA,open,side_boosters,kerolox,2018,published,97000000,103000000,30000,30000,8000.0,8000.0,3500.0,3500.0,3233,3433,12125.0,12875.0,27714.0,29429.0,guide,2026-09-23,1.18.1
Falcon Heavy (expendable),SpaceX,operational,63800,26700.0,16800.0,157.0,154000000,2414,5768.0,9167.0,2026,"Source: SpaceX $150M (2017) for the fully expendable config, carried forward by the 2026 Falcon 9 rise to $159M.  The 63.8 t LEO figure has never been flown; no Falcon Heavy payload has come close to it.  Volume, not mass, binds first at this size: the fairing is the Falcon 9 fairing.  Fairing volume: SpaceX Falcon User's Guide (Sep 2021), Fig 12-5, payload static envelope of the standard fairing: 4,572.5 mm to ST 6,679.6, then a tangent ogive of R 6,818.9 to ST 11,363.5 (the R 771.9 nose cap above it is left out).",chemical_rocket,earth_surface,9,6.0,0,USA,open,expendable,kerolox,2018,published,150000000,159000000,63800,63800,26700.0,26700.0,16800.0,16800.0,2351,2492,5618.0,5955.0,8929.0,9464.0,guide,2026-09-23,1.18.1
SLS Block 1,NASA,operational,95000,,27000.0,216.0,2650000000,27895,,98148.0,2026,"Source: NASA OIG — $2.2B SLS production + $568M ground systems per launch (IG-22-003, Nov 2021), and 'at least $2.5B' recurring (Oct 2023).  Launch vehicle ONLY: the widely quoted ~$4.1B is per Artemis flight and includes Orion and its service module. Artemis I (Nov 2022) and Artemis II (crewed, Apr 2026).  In Feb 2026 NASA cancelled Block 1B and the Exploration Upper Stage and standardised on this configuration.  It has only ever flown Orion; the fairing volume is the cargo configuration NASA documents for it, which has not flown.  Fairing volume: NASA SLS Mission Planner's Guide ESD 30000 Rev A (Dec 2018) s6.2.1: a Block 1 cargo flight takes the 5-m class composite fairing and refers to the Delta IV User's Guide for it -- a reference configuration that has never flown; envelope from Boeing Launch Services, Delta IV Technical Summary, 'Delta IV Payload Fairing Envelopes': Heavy, 5-m composite fairing, 19.1 m (1194-5 PAF).",chemical_rocket,earth_surface,9,6.0,0,USA,government_only,expendable,hydrolox,2022,reported,2500000000,2800000000,95000,95000,,,27000.0,27000.0,26316,29474,,,92593.0,103704.0,guide,2026-09-23,1.18.1
Atlas V 551,ULA,operational,18814,8900.0,6500.0,127.0,211000000,11215,23708.0,32462.0,2026,"Source: ULA RocketBuilder $153M base (2016), carried to 2026 dollars by CPI-U (Dec 2016 to Aug 2026, x1.3771): $211M.  Until 0.6.0 the 2016 figure stood unescalated.  Government missions add $30-80M for mission assurance (SpaceNews 2024).  NOT FOR SALE: ULA stopped selling Atlas V in Aug 2021 and every remaining vehicle is allocated, the last of them to Starliner. Kept because its flight record is the reference that newer vehicles' prices are argued against.  Fairing volume: ULA Atlas V Launch Services User's Guide Rev 11 (Mar 2010), Fig 6-4, 5-m Short static payload envelope; 500-series performance is quoted with the 5-m Short PLF (s2.5.2.2).",chemical_rocket,earth_surface,9,6.0,0,USA,sold_out,expendable,kerolox,2006,published,211000000,211000000,18814,18850,8900.0,8900.0,6500.0,6500.0,11194,11215,23708.0,23708.0,32462.0,32462.0,guide,2026-09-23,1.18.1
Vulcan Centaur VC2,ULA,operational,16300,8300.0,4720.0,171.0,110000000,6748,13253.0,23305.0,2026,"Source: ULA 'starting at $110M', which is the smallest configuration, so this row is the only one it prices directly.  Payloads from ULA via Wikipedia.  Escape band runs from Mars transfer (harder than C3=0) to TLI (easier).  Maiden flight carried Peregrine, Jan 2024.  Fairing volume: ULA Vulcan Launch Systems User's Guide (Oct 2023), Fig 4.3.1-1, static payload envelope of the 15.5-m PLF, the standard offering (s4.3); negotiable zones excluded.",chemical_rocket,earth_surface,9,6.0,0,USA,open,expendable,methalox,2024,published,110000000,110000000,16300,16300,8300.0,8300.0,3600.0,6200.0,6748,6748,13253.0,13253.0,17742.0,30556.0,guide,2026-09-23,1.18.1
Vulcan Centaur VC4,ULA,operational,21400,11600.0,7390.0,171.0,120000000,5607,10345.0,16238.0,2026,"Source: ULA payload figures via Wikipedia.  ULA's $110M is a STARTING price and each pair of GEM 63XL boosters adds to it; $130M is an estimate, not a quote.  Two of four Vulcan flights to Feb 2026 had a GEM 63XL anomaly (a lost nozzle Oct 2024, a malfunction Feb 2026) that the core stage flew through.  Fairing volume: ULA Vulcan Launch Systems User's Guide (Oct 2023), Fig 4.3.1-1, static payload envelope of the 15.5-m PLF, the standard offering (s4.3); negotiable zones excluded.",chemical_rocket,earth_surface,9,6.0,0,USA,open,expendable,methalox,2025,estimate,110000000,130000000,21400,21400,11600.0,11600.0,6000.0,9100.0,5140,6075,9483.0,11207.0,12088.0,21667.0,guide,2026-09-23,1.18.1
Vulcan Centaur VC6,ULA,operational,26400,14800.0,9270.0,171.0,128000000,4848,8649.0,13808.0,2026,"Source: ULA payload figures via Wikipedia; the high ends are the RL10E-upgraded Centaur.  Until v1.16.0 this row priced VC6 at $110M, which is ULA's STARTING price for the smallest config; six GEM 63XLs are not free, and $150M is an estimate. Its old 7,200 kg 'escape' figure was the GEO payload; escape now runs Mars transfer to TLI.  THIS CONFIGURATION HAS NOT FLOWN: all four Vulcan flights to Feb 2026 were VC2S or VC4S, and the first VC6 is manifested for Oct 2026.  Kept 'operational' as a configuration of a flying vehicle, at TRL 8.  Fairing volume: ULA Vulcan Launch Systems User's Guide (Oct 2023), Fig 4.3.1-1, static payload envelope of the 15.5-m PLF, the standard offering (s4.3); negotiable zones excluded.",chemical_rocket,earth_surface,8,6.0,0,USA,open,expendable,methalox,,estimate,110000000,150000000,25600,27200,14400.0,15300.0,7600.0,11300.0,4044,5859,7190.0,10417.0,9735.0,19737.0,guide,2026-09-23,1.18.1
New Glenn,Blue Origin,operational,45000,13600.0,7000.0,458.0,86500000,1922,6360.0,12357.0,2026,"Source: Blue Origin / Wikipedia, $68-110M reported range.  Until v1.16.0 this row used the LOW end; the headline is now the centre of the range.  Three flights: NG-1 Jan 2025 (orbit, booster lost), NG-2 Nov 2025 (ESCAPADE, first landing), NG-3 Apr 2026 (first booster reuse, but BlueBird 7 was left in an off-nominal orbit).  The 45 t LEO figure has not been flown.  Fairing volume: Blue Origin New Glenn Payload User's Guide Rev C (Oct 2018), Fig 5-2, standard capacity standard payload volume (the guide states 458 m3).",chemical_rocket,earth_surface,9,6.0,0,USA,open,first_stage,methalox,2025,reported,68000000,110000000,45000,45000,13600.0,13600.0,7000.0,7000.0,1511,2444,5000.0,8088.0,9714.0,15714.0,guide,2026-09-23,1.18.1
Electron,Rocket Lab,operational,310,0.0,0.0,1.19,7500000,24194,,,2026,"Source: Rocket Lab Form 10-Q FY2026 Q1 — $7.5M; current published capacity 300 kg LEO / 200 kg SSO.  Small-sat dedicated; useful for prospector probes only.  Its Photon kick stage did send CAPSTONE (~25 kg) to the Moon, but that is a spacecraft bus, not a launch capability, so escape is 0.  Fairing volume: Rocket Lab Electron Payload User's Guide 7.0, 'Standard Fairing' envelope (p26).",chemical_rocket,earth_surface,9,6.0,0,USA / New Zealand,open,expendable,kerolox,2017,reported,7500000,7500000,300,320,0.0,0.0,0.0,0.0,23438,25000,,,,,guide,2026-09-23,1.18.1
Alpha,Firefly Aerospace,operational,1030,0.0,0.0,12.0,16200000,15728,,,2026,"Source: Firefly, $15-17.6M.  Small-lift kerolox.  Seven flights to Mar 2026: 3 successes, 2 partial failures, 2 failures (the latest Apr 2025), then a clean return to flight Mar 2026. Listed for market completeness at the bottom end.  Fairing volume: Firefly Alpha Payload User's Guide v2.0 (Aug 2019), Fig 8: 1.6 m rising to 2 m over 0.38 m, 2 m for 2.5 m, then an ogive of R 2 m for 1.6 m.",chemical_rocket,earth_surface,9,6.0,0,USA,open,expendable,kerolox,2021,published,15000000,17600000,1030,1030,0.0,0.0,0.0,0.0,14563,17087,,,,,guide,2026-09-23,1.18.1
Minotaur IV,Northrop Grumman,operational,1660,0.0,0.0,13.4,61600000,37108,,,2026,"Source: Wikipedia — ~$50M (2010), carried to 2026 dollars by CPI-U (Dec 2010 to Aug 2026, x1.5155) for the high end; it used x1.45, an annual chain that stopped at 2024, until 0.6.0.  US GOVERNMENT MISSIONS ONLY: it flies surplus Peacekeeper ICBM motors, which law restricts to government use.  Still flying (NROL-174 Apr 2025, STP Apr 2026).  Fairing volume: Northrop Grumman Minotaur IV/V/VI User's Guide Release 2.5 (Nov 2025), Fig 5.1.1.1-1, dynamic envelope of the standard 92-in fairing with the 38-in PAF.",chemical_rocket,earth_surface,9,6.0,0,USA,government_only,expendable,solid,2010,estimate,50000000,76000000,1591,1735,0.0,0.0,0.0,0.0,28818,47769,,,,,guide,2026-09-23,1.18.1
Soyuz-2.1a,Roscosmos,operational,7110,,,75.1,32400000,4557,,,2026,"Source: Wikipedia (Soyuz-2) payloads by launch site.  Price estimated against the 2018 $35M quote for a 2.1b without an upper stage.  Flies Progress and crewed Soyuz.  Effectively unavailable to Western customers under sanctions.  Fairing volume: Arianespace Soyuz CSG User's Manual Issue 2 (Mar 2012), Fig 5.3.1a, ST fairing volume -- the fairing flown commercially from Baikonur and Vostochny as well as Kourou; the 'specific volume allocation' in the nose is excluded.",chemical_rocket,earth_surface,9,6.0,0,Russia,restricted,expendable,kerolox,2004,estimate,30000000,35000000,6800,7430,,,,,4038,5147,,,,,guide,2026-09-23,1.18.1
Soyuz-2.1b,Roscosmos,operational,8190,3070.0,2400.0,75.1,48500000,5922,15798.0,20208.0,2026,"Source: Glavkosmos / TASS 2018 price ($48.5M w/ Fregat); payloads from Wikipedia by launch site.  The 3,250 kg GTO figure this row used until v1.16.0 was the Kourou one, and Soyuz has not flown from Kourou since Feb 2022.  Effectively unavailable to Western customers under sanctions.  Fairing volume: Arianespace Soyuz CSG User's Manual Issue 2 (Mar 2012), Fig 5.3.1a, ST fairing volume -- the fairing flown commercially from Baikonur and Vostochny as well as Kourou; the 'specific volume allocation' in the nose is excluded.",chemical_rocket,earth_surface,9,6.0,0,Russia,restricted,expendable,kerolox,2006,reported,48500000,48500000,7730,8670,2900.0,3250.0,2400.0,2400.0,5594,6274,14923.0,16724.0,20208.0,20208.0,guide,2026-09-23,1.18.1
Angara A5,Khrunichev / Roscosmos,operational,24500,6360.0,,127.0,100000000,4082,15723.0,,2026,"Source: Wikipedia (Angara family) — $100M (2021).  Five flights since 2014, one partial failure; first from Vostochny Apr 2024.  Replaces Proton.  Sanctions-restricted.  Fairing volume: RussianSpaceWeb (A. Zak), Angara-5: the 14S746 fairing first flown 19 Jun 2025, 17.705 m long and 4.35 m in diameter; no usable envelope is published.  Estimated as that cylinder x 0.482, the median usable-envelope fill of the guide-drawn fairings (range 0.27-0.63).",chemical_rocket,earth_surface,9,6.0,0,Russia,restricted,expendable,kerolox,2014,reported,100000000,100000000,24500,24500,5400.0,7500.0,,,4082,4082,13333.0,18519.0,,,estimate,2026-09-23,1.18.1
Proton-M,Khrunichev / Roscosmos,operational,22000,6600.0,4300.0,91.1,65000000,2955,9848.0,15116.0,2026,"Source: Wikipedia (Proton-M) — $65M.  116 launches, 9 failures and 2 partial.  Being retired: no new contracts are expected and the last manifested flights are for 2029.  Escape is ExoMars TGO's ~4.3 t Mars departure, a flown figure.  Fairing volume: ILS Proton Mission Planner's Guide LKEB-9812-1990 Rev 7 (Jul 2009), Fig E.1-1b, payload envelope under the PLF-BR-15255 fairing with the 937VB-1168 adapter.",chemical_rocket,earth_surface,9,6.0,0,Russia,sold_out,expendable,hypergolic,2001,reported,65000000,65000000,21000,23000,6300.0,6920.0,4300.0,4300.0,2826,3095,9393.0,10317.0,15116.0,15116.0,guide,2026-09-23,1.18.1
Ariane 6 (A62),ArianeGroup / ESA,operational,10300,4500.0,3240.0,140.0,95900000,9311,21311.0,29599.0,2026,"Price €100M (2024 est.) at $1.15/€ = $115M, an estimate with no institutional source: Arianespace publishes no list price (contracts are negotiated) and the ESA Ariane 6 overview, which this row once cited, states payloads only.  Against the ~€70M this row used to assume.  Worse $/kg than A64, which is the usual result when a vehicle is flown below its designed lift.  Nine Ariane 6 flights to Aug 2026, one partial failure (VA262, Jul 2024).  Fairing volume: Arianespace Ariane 6 User's Manual Issue 2 Rev 0 (Feb 2021), Fig 5.3.1a, usable volume under the short fairing (A62 only).",chemical_rocket,earth_surface,9,6.0,0,Europe,open,expendable,hydrolox,2024,estimate,80000000,115000000,10300,10350,4500.0,4500.0,3000.0,3500.0,7729,11165,17778.0,25556.0,22857.0,38333.0,guide,2026-09-23,1.18.1
Ariane 6 (A64),ArianeGroup / ESA,operational,21600,11500.0,8290.0,245.0,123000000,5694,10696.0,14837.0,2026,"€115M (2018 est.) at $1.15/€ = $132M as the high end, an estimate with no institutional source (Arianespace publishes no list price; the ESA overview states payloads only), with the $115M this row used to carry as the low end.  Four-booster config; first flew Feb 2026.  Fairing volume: Arianespace Ariane 6 User's Manual Issue 2 Rev 0 (Feb 2021), Fig 5.3.1b, usable volume under the long fairing; the 'usable volume extension, subject to specific analysis' is excluded.",chemical_rocket,earth_surface,9,6.0,0,Europe,open,expendable,hydrolox,2026,estimate,115000000,132000000,21500,21650,11500.0,11500.0,8000.0,8600.0,5312,6140,10000.0,11478.0,13372.0,16500.0,guide,2026-09-23,1.18.1
Vega C,Avio / ESA,operational,2720,0.0,0.0,38.8,45100000,16581,,,2026,"Source: Avio / ESA via Wikipedia — €48M (2022) = $55M; the published payloads are 2,300 kg to 700 km SSO and 2,250 kg to 500 km polar, and the 3,300 kg this row used to headline is the optimistic end.  VV22 failed Dec 2022 (Zefiro 40 nozzle); returned to flight Dec 2024.  Useful for a prospector probe, not a mining rig.  Fairing volume: Arianespace Vega C User's Manual Issue 0 Rev 0 (May 2018), Fig 5.3.1.a, usable volume with the VAMPIRE 937 adapter.",chemical_rocket,earth_surface,9,6.0,0,Europe,open,expendable,solid,2022,reported,37000000,55000000,2250,3300,0.0,0.0,0.0,0.0,11212,24444,,,,,guide,2026-09-23,1.18.1
Spectrum,Isar Aerospace,operational,1000,0.0,0.0,,11500000,11500,,,2026,"Source: Isar Aerospace target of €10,000/kg, i.e. ~€10M for the full 1 t, at $1.15/€.  Maiden flight Mar 2025 lost control and fell into the sea; second flight reached orbit Sep 2026. One success in two.  Fairing volume: no usable volume: Isar Aerospace gives its payload user's guide only on request.",chemical_rocket,earth_surface,9,6.0,0,Germany,open,expendable,propalox,2025,target,11500000,11500000,1000,1000,0.0,0.0,0.0,0.0,11500,11500,,,,,none,2026-09-23,1.18.1
H3 (24L),MHI / JAXA,operational,16200,7170.0,4900.0,168.0,61200000,3778,8536.0,12490.0,2026,"Source: JAXA / Wikipedia payloads.  The ¥5B (~$33M) target this row used to cite is for the H3-30, the SMALLEST config; the four-booster 24L costs more and has no published price, so $50-75M is an estimate.  First 24 flight carried HTV-X1, Oct 2025.  H3 has 2 failures in 9 flights: TF1 (Mar 2023) and F8 (Dec 2025, payload adapter failure, QZS-5 lost).  Fairing volume: Kawasaki Heavy Industries, H3 payload fairings: type L, 16.4 m by 5.2 m; no usable envelope is published.  Estimated as that cylinder x 0.482, the median usable-envelope fill of the guide-drawn fairings (range 0.27-0.63).",chemical_rocket,earth_surface,9,6.0,0,Japan,open,expendable,hydrolox,2025,estimate,50000000,75000000,16000,16500,6500.0,7900.0,4000.0,6000.0,3030,4688,6329.0,11538.0,8333.0,18750.0,estimate,2026-09-23,1.18.1
H3 (30),MHI / JAXA,operational,4000,2100.0,0.0,107.0,36300000,9075,17286.0,,2026,"Source: JAXA target ¥5B (~$33M at 2024 rates); no boosters, three LE-9s.  The LEO column holds the 4 t SSO figure because no LEO figure is published, and SSO is the harder orbit.  First operational flight Jun 2026.  Fairing volume: Kawasaki Heavy Industries, H3 payload fairings: type S (the H3-30S fairing), 10.4 m by 5.2 m; no usable envelope is published.  Estimated as that cylinder x 0.482, the median usable-envelope fill of the guide-drawn fairings (range 0.27-0.63).",chemical_rocket,earth_surface,9,6.0,0,Japan,open,expendable,hydrolox,2026,target,33000000,40000000,4000,4000,2100.0,2100.0,0.0,0.0,8250,10000,15714.0,19048.0,,,estimate,2026-09-23,1.18.1
LVM3 (GSLV Mk III),ISRO,operational,8940,4100.0,2450.0,110.0,46300000,5179,11293.0,18898.0,2026,"Source: ISRO ₹402 crore (~$42M) cost, and ~$51M NSIL commercial rate; payloads from the ISRO user manual via Wikipedia.  9 for 9 to Dec 2025, including Chandrayaan-3 and two OneWeb batches. The human-rated HLVM3 for Gaganyaan has NOT yet flown crew; earlier versions of this row said it was human-rated.  Fairing volume: VSSC (ISRO), GSLV MkIII vehicle specifications: 'Heat Shield (Payload Fairing) Diameter 5.0 m, PLF Usable Volume 110m3'.",chemical_rocket,earth_surface,9,6.0,0,India,open,expendable,hypergolic,2017,reported,42000000,51000000,8000,10000,4000.0,4200.0,2000.0,3000.0,4200,6375,10000.0,12750.0,14000.0,25500.0,published,2026-09-23,1.18.1
PSLV-XL,ISRO,operational,3800,1360.0,0.0,,22300000,5868,16397.0,,2026,"Source: ISRO / NSIL, ₹130-200 crore ($16-24M, 2023) cost and ~$31M commercial.  Escape is 0: Chandrayaan-1 and the Mars Orbiter Mission were both put into elongated EARTH orbits and raised themselves, so the 1,100 kg escape figure this row used to carry was not a PSLV capability.  PSLV failed in May 2025 (C61) and Jan 2026 (C62), both in flight control near stage separation.  Fairing volume: no usable volume: ISRO/VSSC publish the 3.2 m heat-shield diameter only.",chemical_rocket,earth_surface,9,6.0,0,India,open,expendable,solid,2008,reported,16000000,31000000,3800,3800,1300.0,1425.0,0.0,0.0,4211,8158,11228.0,23846.0,,,none,2026-09-23,1.18.1
GSLV Mk II,ISRO,operational,6000,2370.0,,,47000000,7833,19831.0,,2026,"Source: Wikipedia — $47M.  13 flights, 2 failures.  Solid core with hypergolic strap-ons and an Indian cryogenic upper stage. Flew NISAR.  Mostly Indian government payloads.  Fairing volume: no usable volume: ISRO publishes the 3.4 m and 4 m fairing diameters only.",chemical_rocket,earth_surface,9,6.0,0,India,open,expendable,solid,2010,reported,47000000,47000000,6000,6000,2250.0,2500.0,,,7833,7833,18800.0,20889.0,,,none,2026-09-23,1.18.1
SSLV,ISRO / HAL,operational,500,0.0,0.0,,3740000,7480,,,2026,"Source: ISRO, Rs 30-35 crore (~$3.5-4M) per launch.  First flight (Aug 2022) failed to reach a usable orbit.  Production and operations transferred to HAL from 2025.  Fairing volume: no usable volume: NSIL publishes the 2.1 m fairing diameter only.",chemical_rocket,earth_surface,9,6.0,0,India,open,expendable,solid,2022,reported,3500000,4000000,500,500,0.0,0.0,0.0,0.0,7000,8000,,,,,none,2026-09-23,1.18.1
Nuri (KSLV-II),KARI / Hanwha Aerospace,operational,3300,0.0,0.0,,36700000,11121,,,2026,"Source: Wikipedia — 3.3 t to 200 km, 1.9 t to 700 km SSO; launch cost 'estimated around $30M', the band's low end, with room above it for an unpriced government vehicle.  First flight failed (2021); three successes since, the latest Nov 2025.  Fairing volume: no usable volume: KARI publishes no fairing envelope or length.",chemical_rocket,earth_surface,9,6.0,0,South Korea,government_only,expendable,kerolox,2021,estimate,30000000,45000000,3300,3300,0.0,0.0,0.0,0.0,9091,13636,,,,,none,2026-09-23,1.18.1
Long March 2C,CASC (China),operational,3850,1250.0,0.0,35.7,29600000,7688,23680.0,,2026,"Source: Wikipedia payloads; price estimated against the $30M Long March 2D.  88 launches, 1 failure, 1 partial (to Aug 2026).  Fairing volume: CALT LM-2C User's Manual (Issue 1999), ch. 4, Fig 4-2a, two-stage fairing static envelope with the 1194A interface.",chemical_rocket,earth_surface,9,6.0,0,China,restricted,expendable,hypergolic,1982,estimate,25000000,35000000,3850,3850,1250.0,1250.0,0.0,0.0,6494,9091,20000.0,28000.0,,,guide,2026-09-23,1.18.1
Long March 2D,CASC (China),operational,3500,0.0,0.0,29.7,30000000,8571,,,2026,"Source: Wikipedia — $30M.  ~100 launches.  LEO/SSO only.  Fairing volume: CGWIC, LM-2D technical data: fairing diameter 3.35 m, fairing length 6.983 m.  Estimated as that cylinder x 0.482, the median usable-envelope fill of the guide-drawn fairings (range 0.27-0.63).",chemical_rocket,earth_surface,9,6.0,0,China,restricted,expendable,hypergolic,1992,reported,30000000,30000000,3500,3500,0.0,0.0,0.0,0.0,8571,8571,,,,,estimate,2026-09-23,1.18.1
Long March 3B/E,CASC (China),operational,11500,5500.0,3780.0,63.7,59200000,5148,10764.0,15661.0,2026,"Source: Wikipedia — $50-70M.  China's GTO workhorse, 112+ successes, 96.5% success rate.  Escape is Chang'e-3's ~3.8 t sent to TLI, a flown figure rather than a rating.  Fairing volume: CGWIC LM-3A Series Launch Vehicle User's Manual (Issue 2011), Fig 4-5b, 4000F fairing static envelope (the LM-3BE's 5,500 kg GTO is quoted with the 4000F, s3.5.2.1); the 15 deg section's top diameter is taken from its printed angle.",chemical_rocket,earth_surface,9,6.0,0,China,restricted,expendable,hypergolic,2007,reported,50000000,70000000,11500,11500,5500.0,5500.0,3780.0,3780.0,4348,6087,9091.0,12727.0,13228.0,18519.0,guide,2026-09-23,1.18.1
Long March 4C,CASC (China),operational,4200,1500.0,0.0,,38700000,9214,25800.0,,2026,"Source: Wikipedia payloads; price estimated against the sister Long March 4B's $50M (2006).  ~59 launches.  Fairing volume: no usable volume: CNSA publishes the 2.9, 3.35 and 3.8 m fairing diameters only.",chemical_rocket,earth_surface,9,6.0,0,China,restricted,expendable,hypergolic,2006,estimate,30000000,50000000,4200,4200,1500.0,1500.0,0.0,0.0,7143,11905,20000.0,33333.0,,,none,2026-09-23,1.18.1
Long March 5,CASC (China),operational,25000,14000.0,8780.0,126.0,133000000,5320,9500.0,15148.0,2026,"Source: Wikipedia / China-in-Space — payload masses authoritative; ~$160M is Wikipedia's estimate and the high end, against the $110M this row used to carry.  The LEO figure is the Long March 5B; the GTO and escape figures are the two-stage 5.  Chang'e-5 and Tianwen-1 heritage (Mars transfer ~6 t).  17 of 18 successful.  Fairing volume: Standard LM-5 fairing, 5.2 m by 12.267 m, as quoted from CALT's design office (Sohu, 2024-05-06); the 18.5 m and 20.5 m (5B) fairings are optional.  Estimated as that cylinder x 0.482, the median usable-envelope fill of the guide-drawn fairings (range 0.27-0.63).",chemical_rocket,earth_surface,9,6.0,0,China,restricted,expendable,hydrolox,2016,estimate,110000000,160000000,25000,25000,14000.0,14000.0,8200.0,9400.0,4400,6400,7857.0,11429.0,11702.0,19512.0,estimate,2026-09-23,1.18.1
Long March 6A,CASC (China),operational,8000,,,,45800000,5725,,,2026,"Source: Wikipedia payloads (8 t LEO, 6.5 t 500 km SSO); price estimated.  26 for 26 to Jul 2026, but its upper stage has broken up in orbit after several flights, the Nov 2022 one into 700+ tracked pieces.  Fairing volume: no usable volume: SAST publishes the 3.8 and 4.2 m fairing diameters; its 4.2 m fairing's length is given only as 'nearly 4 m' plus 'about 5 m'.",chemical_rocket,earth_surface,9,6.0,0,China,restricted,expendable,kerolox,2022,estimate,35000000,60000000,8000,8000,,,,,4375,7500,,,,,none,2026-09-23,1.18.1
Long March 7,CASC (China),operational,13500,7000.0,,,59200000,4385,8457.0,,2026,"Source: CASC / Wikipedia payload figures; price estimated. The LEO figure is the two-stage 7, which flies Tianzhou cargo to the Chinese station; the GTO figure is the three-stage 7A (2 failures in 18).  The 4,000 kg escape figure this row used to carry had no source.  Fairing volume: no usable volume: the two-stage LM-7 this row's LEO figure describes flies Tianzhou, which has no payload fairing; the LM-7A's 4.2 m fairing has no published length.",chemical_rocket,earth_surface,9,6.0,0,China,government_only,expendable,kerolox,2016,estimate,50000000,70000000,13500,13500,7000.0,7000.0,,,3704,5185,7143.0,10000.0,,,none,2026-09-23,1.18.1
Long March 8A,CASC (China),operational,10000,3500.0,,,52900000,5290,15114.0,,2026,"Source: Wikipedia payloads; price estimated.  11 flights since Feb 2025, all successful, mostly constellation deployment from Hainan commercial pads.  Fairing volume: no usable volume: CASC publishes the 5.2 m fairing diameter only.",chemical_rocket,earth_surface,9,6.0,0,China,restricted,expendable,kerolox,2025,estimate,40000000,70000000,10000,10000,3500.0,3500.0,,,4000,7000,11429.0,20000.0,,,none,2026-09-23,1.18.1
Long March 12,CASC (China),operational,11000,,,,63200000,5745,,,2026,"Source: Wikipedia payloads; price estimated.  8 for 8, all Guowang deployments.  Reusable 12A and 12B variants first flew Dec 2025 and Jun 2026 and are not yet listed.  Fairing volume: no usable volume: CASC publishes the 4.2 and 5.2 m fairing diameters only.",chemical_rocket,earth_surface,9,6.0,0,China,restricted,expendable,kerolox,2024,estimate,50000000,80000000,10000,12000,,,,,4167,8000,,,,,none,2026-09-23,1.18.1
Long March 10B,CASC (China),operational,16000,,,128.0,52900000,3306,,,2026,"Source: Wikipedia — 'at least 16 t' to 200 km, 11 t to 900 km at 50 deg.  One flight (Jul 2026), successful, with China's first controlled recovery of an orbital first stage.  One flight is a thin record for 'operational'; read the TRL as flown, not proven.  Price estimated.  Fairing volume: Tencent News 2026-07-13: the LM-10B's short fairing is 5.2 m by 12.5 m, carried over from the LM-5; an 18.5 m fairing is optional.  Estimated as that cylinder x 0.482, the median usable-envelope fill of the guide-drawn fairings (range 0.27-0.63).",chemical_rocket,earth_surface,9,6.0,0,China,restricted,first_stage,kerolox,2026,estimate,40000000,70000000,16000,16000,,,,,2500,4375,,,,,estimate,2026-09-23,1.18.1
Kuaizhou-1A,ExPace (CASIC),operational,346,0.0,0.0,,6930000,20029,,,2026,"Source: Wikipedia — ~$20,000/kg, i.e. $6-8M across the 300-400 kg payload range.  Road-mobile solid.  2 failures (2020, 2021).  Fairing volume: no usable volume: ExPace publishes the 1.2 and 1.4 m fairing diameters only.",chemical_rocket,earth_surface,9,6.0,0,China,restricted,expendable,solid,2017,reported,6000000,8000000,300,400,0.0,0.0,0.0,0.0,15000,26667,,,,,none,2026-09-23,1.18.1
Kuaizhou-11,ExPace (CASIC),operational,1500,0.0,0.0,,12200000,8133,,,2026,"Source: Wikipedia — ~$10,000/kg, i.e. ~$15M full.  Maiden flight failed (Jul 2020).  Fairing volume: no usable volume: ExPace publishes the 2.2 m fairing diameter only.",chemical_rocket,earth_surface,9,6.0,0,China,restricted,expendable,solid,2020,reported,10000000,15000000,1500,1500,0.0,0.0,0.0,0.0,6667,10000,,,,,none,2026-09-23,1.18.1
Ceres-1,Galactic Energy,operational,400,0.0,0.0,3.41,4500000,11250,,,2026,"Source: Wikipedia — $4.5M; 400 kg LEO, 300 kg 500 km SSO.  23 launches, 2 failures, to Jan 2026.  A sea-launched 1S variant also flies.  Fairing volume: Galactic Energy, Ceres-1 (谷神星一号) Launch Vehicle User's Manual (2023), s05 fairing and payload envelope figure.",chemical_rocket,earth_surface,9,6.0,0,China,restricted,expendable,solid,2020,reported,4500000,4500000,400,400,0.0,0.0,0.0,0.0,11250,11250,,,,,guide,2026-09-23,1.18.1
Gravity-1,Orienspace,operational,6500,0.0,0.0,100.0,39000000,6000,,,2026,"Source: Wikipedia — ~$39M; 6.5 t LEO, 4.2 t 500 km SSO.  The largest all-solid launcher flying; sea-launched.  4 for 4 to Sep 2026.  Fairing volume: Orienspace, via Tencent News 2023-11-22: the 4.2 m fairing 'has 100 cubic metres of payload space'.  This reads as the fairing's interior rather than a keep-in envelope: it is about 1.6x the median guide envelope for a fairing of this size.",chemical_rocket,earth_surface,9,6.0,0,China,restricted,expendable,solid,2024,reported,39000000,39000000,6500,6500,0.0,0.0,0.0,0.0,6000,6000,,,,,published,2026-09-23,1.18.1
Kinetica-1,CAS Space,operational,2000,0.0,0.0,,11000000,5500,,,2026,"Source: Wikipedia payloads (2 t LEO, 1.5 t SSO); price estimated.  16 launches, 1 failure (Dec 2024, third stage).  Fairing volume: no usable volume: CAS Space publishes the 2.65 and 3.35 m fairing diameters only.",chemical_rocket,earth_surface,9,6.0,0,China,restricted,expendable,solid,2022,estimate,8000000,15000000,2000,2000,0.0,0.0,0.0,0.0,4000,7500,,,,,none,2026-09-23,1.18.1
Kinetica-2,CAS Space,operational,12000,,,,50000000,4167,,,2026,"Source: CAS Space, 30,000 yuan/kg (Apr 2026), i.e. ~¥360M or ~$50M for the full 12 t.  One flight (Mar 2026), carrying a Qingzhou cargo-vessel prototype.  First-stage recovery is planned from 2027; flies expendable today.  Fairing volume: no usable volume: CAS Space publishes the fairing diameter only.",chemical_rocket,earth_surface,9,6.0,0,China,restricted,expendable,kerolox,2026,published,50000000,50000000,12000,12000,,,,,4167,4167,,,,,none,2026-09-23,1.18.1
Jielong-3,China Rocket (CALT),operational,1600,0.0,0.0,,14100000,8812,,,2026,"Source: Wikipedia — 1.6 t to 500 km SSO, used as the LEO figure because no LEO figure is published.  Sea-launched solid; 12 for 12.  Price estimated.  Fairing volume: no usable volume: China Rocket publishes the 2.9 and 3.35 m fairing diameters only.",chemical_rocket,earth_surface,9,6.0,0,China,restricted,expendable,solid,2022,estimate,10000000,20000000,1600,1600,0.0,0.0,0.0,0.0,6250,12500,,,,,none,2026-09-23,1.18.1
Zhuque-2E,LandSpace (China),operational,6000,,,,26500000,4417,,,2026,"Source: Wikipedia payloads (6 t LEO, 4 t SSO); price estimated.  Zhuque-2 family: 9 launches, 2 failures, the latest a 2E in Aug 2025 (second-stage voltage fault).  The first methalox rocket to reach orbit (2023).  Fairing volume: no usable volume: LandSpace publishes the 3.35 m fairing diameter only.",chemical_rocket,earth_surface,9,6.0,0,China,restricted,expendable,methalox,2024,estimate,20000000,35000000,6000,6000,,,,,3333,5833,,,,,none,2026-09-23,1.18.1
Zhuque-3,LandSpace (China),operational,8000,,,,35400000,4425,,,2026,"Source: Wikipedia — ZQ-3 lifts 8 t reusable (downrange landing) or 11.8 t expendable.  Until v1.16.0 this row carried 21 t / 18.3 t, which are the figures for the enlarged ZQ-3E, still in development.  Flights Dec 2025 (orbit, landing failed) and Aug 2026 (orbit, first landing, stage toppled afterwards).  Price estimated; LandSpace has not published one.  Fairing volume: no usable volume: LandSpace publishes the 5.2 m fairing diameter only.",chemical_rocket,earth_surface,9,6.0,0,China,restricted,first_stage,methalox,2025,estimate,25000000,50000000,8000,8000,,,,,3125,6250,,,,,none,2026-09-23,1.18.1
Pallas-1,Galactic Energy,operational,5000,,,75.4,28300000,5660,,,2026,"Source: Wikipedia — 5 t to 400 km, 3 t to 700 km SSO.  One flight, 1 Sep 2026, successful, boilerplate payload, no recovery attempted.  Designed for first-stage reuse but has only flown expendable, so it is listed as flown.  Price estimated.  Fairing volume: Galactic Energy, Pallas-1 (智神星一号) User's Manual (2023), Fig 6(b), payload envelope under the 4,200 mm fairing; the von Karman nose is taken along its chord.",chemical_rocket,earth_surface,9,6.0,0,China,restricted,expendable,kerolox,2026,estimate,20000000,40000000,5000,5000,,,,,4000,8000,,,,,guide,2026-09-23,1.18.1
Delta IV Heavy,ULA,retired,28790,14220.0,10000.0,216.0,440000000,15283,30942.0,44000.0,2026,"Last flight April 2024 (NROL-70).  Hydrolox, three cores, and the launcher that sent Parker Solar Probe to the highest departure energy ever flown.  Replaced by Vulcan.  Fairing volume: Boeing Launch Services, Delta IV Technical Summary, 'Delta IV Payload Fairing Envelopes': Heavy, 5-m composite fairing, 19.1 m (1194-5 PAF).",chemical_rocket,earth_surface,9,6.0,0,USA,unavailable,expendable,hydrolox,2004,reported,440000000,440000000,28790,28790,14220.0,14220.0,10000.0,10000.0,15283,15283,30942.0,30942.0,44000.0,44000.0,guide,2026-09-23,1.18.1
H-IIA 204,MHI / JAXA,retired,15000,6000.0,3600.0,82.5,90000000,6000,15000.0,25000.0,2026,"H-IIA's last flight was F50, June 2025 (GOSAT-GW): 50 flights and one failure (F6, 2003).  Launched Hayabusa2 — the most relevant flight heritage in this entire table to what this pipeline models.  Succeeded by H3.  Fairing volume: MHI H-IIA User's Manual YET04001 Ver. 4.0, Fig 4.5-2, usable volume of the Model 4S fairing (H2A204's 5,950 kg standard GTO is quoted with the 4S, Table 2.1-1); the 18 deg cone's top diameter is taken from its printed angle.",chemical_rocket,earth_surface,9,6.0,0,Japan,unavailable,expendable,hydrolox,2006,reported,90000000,90000000,15000,15000,6000.0,6000.0,3600.0,3600.0,6000,6000,15000.0,15000.0,25000.0,25000.0,guide,2026-09-23,1.18.1
Pegasus XL,Northrop Grumman,retired,446,0.0,0.0,2.04,54000000,121076,,,2026,"Air-launched from an L-1011.  $40M (2017), carried to 2026 dollars by CPI-U (Dec 2017 to Aug 2026, x1.3484): $54M.  Until 0.6.0 the 2017 figure stood unescalated.  Final flight Jul 2026, the Swift reboost mission.  46 flights, 3 failures and 2 partial.  The price per kilogram is why nobody asks for it any more.  Fairing volume: Northrop Grumman Pegasus User's Guide Release 8.2 (Sep 2020), Fig 5-2, payload fairing dynamic envelope with the 38-in separation system.",chemical_rocket,earth_surface,9,6.0,0,USA,unavailable,expendable,solid,1994,reported,54000000,54000000,443,450,0.0,0.0,0.0,0.0,120000,121896,,,,,guide,2026-09-23,1.18.1
Ariane 5 ECA,Arianespace / ESA,retired,20000,10700.0,6100.0,209.0,191000000,9550,17850.0,31311.0,2026,"Last flight Jul 2023.  Usually flew two GTO satellites at once, so its per-customer price was lower than the €150-190M vehicle cost this band brackets.  Launched JWST (~6.2 t, near C3=0).  Fairing volume: Arianespace Ariane 5 User's Manual Issue 5 Rev 1 (Jul 2011), Annex 5, Fig A5.1, usable volume beneath the fairing in single launch.",chemical_rocket,earth_surface,9,6.0,0,Europe,unavailable,expendable,hydrolox,2002,estimate,165000000,220000000,20000,20000,10500.0,10865.0,6100.0,6100.0,8250,11000,15186.0,20952.0,27049.0,36066.0,guide,2026-09-23,1.18.1
Vega,Avio / ESA,retired,1500,0.0,0.0,20.0,36800000,24533,,,2026,"The original Vega, replaced by Vega C; last flight Sep 2024. ~€32M.  Two failures in its last four years (VV15, VV17).  Fairing volume: Arianespace Vega User's Manual Issue 4 (Apr 2014), Fig 5.3.2a, usable volume inside the Vega fairing.",chemical_rocket,earth_surface,9,6.0,0,Europe,unavailable,expendable,solid,2012,reported,36800000,36800000,1500,1500,0.0,0.0,0.0,0.0,24533,24533,,,,,guide,2026-09-23,1.18.1
Space Shuttle,NASA,retired,25900,,2380.0,300.0,972000000,37529,,408403.0,2026,"Retired 2011.  Whole-programme cost per flight was ~$1.5B in 2011 dollars (Pielke & Byerly, Nature 472:38, 2011; NASA OIG IG-24-001 independently puts it at ~$1.45B a launch) — the source of the famous $54,500/kg — carried to 2026 dollars (~x1.44) as the high end; the marginal cost of one more flight, ~$450M, is the low end.  Mixed dollar years on purpose: the band is what a reader might have been quoted.  Two orbiters lost in 135 flights.  Escape is Galileo on an IUS upper stage.  Fairing volume: NASA NSTS 21492, Space Shuttle Program Payload Bay Payload User's Guide, s4.0: maximum payload dimensions 720 in long by 180 in in diameter, 'a volume of 10,600 cubic feet'.  The same sentence's '306.6 m3' and '18.46 m' disagree with its own inches and cubic feet; the inches are used.",chemical_rocket,earth_surface,9,6.0,0,USA,unavailable,partial,hydrolox,1981,estimate,450000000,2100000000,24400,27500,,,2380.0,2380.0,16364,86066,,,189076.0,882353.0,guide,2026-09-23,1.18.1
Saturn V,NASA,retired,129000,,46000.0,91.5,1380000000,10698,,30000.0,2026,"Last flight 1973 (Skylab).  ~$185M per vehicle in 1969-73 dollars, carried to 2026 dollars; the low end is the frequently-quoted 2020-dollar figure.  Excludes the programme's development cost, which was most of it.  Escape is TLI.  The only vehicle before SLS to send people beyond LEO.  Fairing volume: Douglas SM-47274, Saturn V Payload Planner's Guide (Nov 1965), prime payload configuration 'A': the spacecraft/LEM adapter volume that flew, 'about 3,230 cubic feet' when the LEM is not carried.",chemical_rocket,earth_surface,9,6.0,0,USA,unavailable,expendable,kerolox,1967,estimate,1230000000,1550000000,118000,140000,,,43500.0,48600.0,8786,13136,,,25309.0,35632.0,published,2026-09-23,1.18.1
Starship (projected),SpaceX,development,59200,12100.0,27000.0,684.0,94900000,1603,7843.0,3515.0,2026,"Source: Voyager Technologies final prospectus (Form 424B4, Jun 2025), Commitments and Contingencies: a commitment for ONE Starship launch for Starlab at $90.0M, as of Dec 31 2024 and Mar 31 2025 (cancelling for convenience owes the provider $13.5M).  Voyager's FY2025 10-K names the contract but states no price, and until 0.6.1 this note cited it as a 2026 contract.  SpaceX's own $100M expendable figure is the high end.  NOT YET ORBITAL: 13 test flights to Jul 2026, 8 successful, all suborbital by design.  Block 2 was built for 100 t and fell to ~35 t, which is the low end; the V3 target of 100 t is the high end.  GTO scales SpaceX's 21 t by the same 35%.  CAVEAT: escape payload (27 t) > GTO only because it assumes orbital refueling; tanker_flights_for_escape carries the 12 flights (8-16 quoted), and 12 x ~$95M is the cost that caveat is about.  Fairing volume: SpaceX Starship Users Guide Rev 1.0 (Mar 2020), Fig 4, payload dynamic envelope, radii printed at 1 m stations.",chemical_rocket,earth_surface,6,6.0,12,USA,open,full,methalox,2023,contract,90000000,100000000,35000,100000,7000.0,21000.0,27000.0,27000.0,900,2857,4286.0,14286.0,3333.0,3704.0,guide,2026-09-23,1.18.1
New Glenn 9x4,Blue Origin,development,70000,,20000.0,,194000000,2771,,9700.0,2026,"Source: Blue Origin (Nov 2025) via Wikipedia — nine booster engines, four upper-stage engines, 8.7 m fairing.  No price published; $150-250M is an estimate.  GTO is NaN because only a direct-to-GSO figure (>14 t) has been given, which is a different and much harder orbit.  Fairing volume: no usable volume: Blue Origin has given the 8.7 m diameter; no envelope or length has been published that could be read.",chemical_rocket,earth_surface,5,6.0,0,USA,open,first_stage,methalox,,estimate,150000000,250000000,70000,70000,,,20000.0,20000.0,2143,3571,,,7500.0,12500.0,none,2026-09-23,1.18.1
Neutron,Rocket Lab,development,13000,1500.0,1220.0,183.0,52400000,4031,34933.0,42951.0,2026,"Source: Rocket Lab — ~$50-55M, 13 t LEO reusable.  Methalox, captive fairing, first-stage return.  First flight has slipped from 2024 to NET Q4 2026 (a stage-1 tank failed in test Jan 2026).  Beyond-LEO capability is thin: the upper stage is sized for constellation work.  Fairing volume: Rocket Lab Neutron Payload User's Guide v1.0 (Jan 2025), Fig 13, payload accommodation; the nose is taken along its chords.",chemical_rocket,earth_surface,6,6.0,0,USA,open,first_stage,methalox,,target,50000000,55000000,13000,13000,1500.0,1500.0,1000.0,1500.0,3846,4231,33333.0,36667.0,33333.0,55000.0,guide,2026-09-23,1.18.1
Terran R,Relativity Space,development,23500,5500.0,4000.0,,62000000,2638,11273.0,15500.0,2026,"Source: Relativity via Wikipedia — 23.5 t reusable, 33.5 t fully expended; $55M listed.  Until v1.16.0 this row paired the 33.5 t EXPENDABLE figure with a reusable price.  NET late 2026.  GTO and escape are the older published figures and are not re-stated for the reusable config.  Fairing volume: no usable volume: Relativity has published the fairing diameter only.",chemical_rocket,earth_surface,5,6.0,0,USA,open,first_stage,methalox,,target,55000000,70000000,23500,23500,5500.0,5500.0,4000.0,4000.0,2340,2979,10000.0,12727.0,13750.0,17500.0,none,2026-09-23,1.18.1
Nova,Stoke Space,development,3000,720.0,480.0,,24500000,8167,34028.0,51042.0,2026,"Source: Stoke Space via Wikipedia — 3 t fully reusable, 7 t expendable; the 5 t this row carried until v1.16.0 was not a fully-reusable figure.  Stoke publishes neither a price nor GTO or escape figures: the price is an estimate and GTO / escape are the old 1,200 / 800 kg scaled by 3/5.  The only vehicle here besides Starship designed for FULL reuse, including a regeneratively cooled upper-stage heat shield.  Fairing volume: no usable volume: Stoke Space has published no fairing envelope.",chemical_rocket,earth_surface,5,6.0,0,USA,open,full,methalox,,estimate,20000000,30000000,3000,3000,720.0,720.0,480.0,480.0,6667,10000,27778.0,41667.0,41667.0,62500.0,none,2026-09-23,1.18.1
Eclipse (MLV),Firefly / Northrop Grumman,development,16300,3100.0,2140.0,,80000000,4908,25806.0,37383.0,2026,"Source: Firefly / Northrop.  Formerly MLV; renamed May 2025. NET 2027, early flights expendable with reuse targeted by the sixth.  No published price.  Fairing volume: no usable volume: Firefly has published the 5.4 m diameter only.",chemical_rocket,earth_surface,5,6.0,0,USA,open,first_stage,methalox,,estimate,80000000,80000000,16300,16300,3000.0,3200.0,2000.0,2300.0,4908,4908,25000.0,26667.0,34783.0,40000.0,none,2026-09-23,1.18.1
Tianlong-3,Space Pioneer (China),development,17000,,,,33500000,1971,,,2026,"Source: Space Pioneer via Wikipedia — 17 t LEO, 14 t SSO; price estimated.  Maiden flight Apr 2026 FAILED shortly after liftoff; a first stage also broke loose from its test stand and flew in Jun 2024.  Reusable first stage intended.  The GTO and escape figures this row carried had no source.  Fairing volume: no usable volume: Space Pioneer has published no fairing envelope or length.",chemical_rocket,earth_surface,6,6.0,0,China,restricted,expendable,kerolox,2026,estimate,25000000,45000000,17000,17000,,,,,1471,2647,,,,,none,2026-09-23,1.18.1
Long March 10,CASC (China),development,70000,,27000.0,,212000000,3029,,7852.0,2026,"Source: CASC crewed-lunar-programme disclosures; price estimated.  70 t LEO / 27 t TLI for a 2030 crewed lunar landing.  The single-core 10A tested its escape system on a suborbital flight (Feb 2026) and the 10B is flying (own row), so the core hardware is real; the three-core vehicle has not flown.  Fairing volume: no usable volume: CASC has published no fairing envelope for the three-core vehicle.",chemical_rocket,earth_surface,6,6.0,0,China,government_only,expendable,kerolox,,estimate,150000000,300000000,70000,70000,,,27000.0,27000.0,2143,4286,,,5556.0,11111.0,none,2026-09-23,1.18.1
Long March 9,CASC (China),development,150000,,52000.0,,707000000,4713,,13596.0,2026,"Source: CASC roadmap presentations; the 2023 design is 150 t LEO / 54 t TLI with a reusable 30-engine methalox first stage, first flight planned for 2033.  TRL 3.  Price is a guess, stated as one.  Present because it is the only announced vehicle in the Starship class that is not Starship.  Fairing volume: no usable volume: CASC roadmap figures give no fairing envelope.",chemical_rocket,earth_surface,3,6.0,0,China,government_only,first_stage,methalox,,estimate,500000000,1000000000,150000,150000,,,50000.0,54000.0,3333,6667,,,9259.0,20000.0,none,2026-09-23,1.18.1
Soyuz-5,RKTs Progress / Roscosmos,development,16700,5000.0,,,49000000,2934,9800.0,,2026,"Source: Wikipedia — 18 t uncrewed / 15.5 t crewed-profile LEO, 5 t GTO.  Zenit's successor.  First flight Apr 2026 was a successful SUBORBITAL test with a mass simulator; not yet orbital.  Price estimated.  Fairing volume: no usable volume: RSC Energia has published no fairing envelope.",chemical_rocket,earth_surface,6,6.0,0,Russia,restricted,expendable,kerolox,2026,estimate,40000000,60000000,15500,18000,5000.0,5000.0,,,2222,3871,8000.0,12000.0,,,none,2026-09-23,1.18.1
Epsilon S,IHI Aerospace / JAXA,development,1400,0.0,0.0,,30800000,22000,,,2026,"Source: JAXA via Wikipedia — 1.4 t to 500 km, 600 kg to 700 km SSO.  The new second-stage motor exploded in test twice (Jul 2023, Nov 2024); JAXA reverted to the Enhanced Epsilon stage, first flight possibly late 2026.  The high end is the original Epsilon's $38M, since the S has not beaten it yet.  Fairing volume: no usable volume: JAXA has not published the Epsilon S fairing envelope; the Epsilon User's Manual (2018) envelope is the older vehicle's.",chemical_rocket,earth_surface,6,6.0,0,Japan,open,expendable,solid,,estimate,25000000,38000000,1400,1400,0.0,0.0,0.0,0.0,17857,27143,,,,,none,2026-09-23,1.18.1
Hyperbola-3,i-Space (China),development,8500,,,,42400000,4988,,,2026,"Source: i-Space via Wikipedia — 8.5 t reusable, 13.4 t expendable.  Hop tests in 2023; orbital debut slipped from 2025.  Price estimated.  Fairing volume: no usable volume: i-Space has published the 5.2 m fairing diameter only.",chemical_rocket,earth_surface,5,6.0,0,China,restricted,first_stage,methalox,,estimate,30000000,60000000,8500,8500,,,,,3529,7059,,,,,none,2026-09-23,1.18.1
SLS Block 1B (Cargo),NASA,concept,105000,,42000.0,621.0,2650000000,25238,,63095.0,2026,"CANCELLED Feb 2026 along with the Exploration Upper Stage; never flew.  Until v1.16.0 this row was marked OPERATIONAL and priced at $4.1B, which is NASA OIG's per-Artemis-flight figure including Orion and its service module, not a launch price.  Now carries the same launch-only band as Block 1, a floor for a vehicle that would have cost more.  Its 41 t GTO figure had been scaled from TLI, not published, and is gone.  Fairing volume: NASA SLS Mission Planner's Guide ESD 30000 Rev A (Dec 2018), Fig 6-7, composite 8.4 m PLF short concept, which states a maximum payload available volume of 621 m3.",chemical_rocket,earth_surface,6,6.0,0,USA,unavailable,expendable,hydrolox,,reported,2500000000,2800000000,105000,105000,,,42000.0,42000.0,23810,26667,,,59524.0,66667.0,guide,2026-09-23,1.18.1
SpinLaunch Orbital,SpinLaunch,concept,200,0.0,0.0,,1250000,6250,,,2026,"A vacuum centrifuge throws the vehicle to ~2 km/s and a small rocket stage does the rest.  The suborbital accelerator flew 10 test articles from 2021, so this is a real machine, not a paper one — TRL 4.  ~10,000 g at release is the whole story. Since 2025 the company's priority is its Meridian satellite constellation, launched on conventional rockets; the orbital accelerator is 'exploratory' as of May 2026.  The $/kg is the published target and assumes a cadence nobody has shown.  Fairing volume: no usable volume: SpinLaunch has published no payload volume for the orbital vehicle.",kinetic,earth_surface,4,10000.0,0,USA,unavailable,not_applicable,not_applicable,,target,1250000,1250000,200,200,0.0,0.0,0.0,0.0,6250,6250,,,,,none,2026-09-23,1.18.1
Light-gas gun (orbital),Green Launch / HARP lineage,concept,30,0.0,0.0,,300000,10000,,,2026,"Gerald Bull's HARP put a 180 kg slug to 180 km in 1966 — the altitude record for a gun still stands.  Orbital insertion needs a kick stage, and ~30,000 g means the kick stage has to survive it too.  Hydrogen-driven light-gas guns reach ~7 km/s in the laboratory.  Payload-limited to consumables forever.  Fairing volume: no usable volume: a gun launcher is a projectile, not a fairing; no source gives a payload volume.",gun,earth_surface,3,30000.0,0,USA / Canada,unavailable,not_applicable,not_applicable,,target,300000,300000,30,30,0.0,0.0,0.0,0.0,10000,10000,,,,,none,2026-09-23,1.18.1
StarTram (maglev),concept — Powell & Maise,concept,40000,15000.0,10000.0,,1600000,40,107.0,160.0,2026,"Superconducting maglev accelerator in an evacuated tube, exiting at altitude through a magnetically-levitated tether. The Gen-1 cargo variant is quoted near $40/kg — two orders below anything flying — on a claimed ~$20B of infrastructure and 30 g, which is survivable by hardware unlike the two rows above.  TRL 2: no element of the launch tube has been built. The $/kg assumes the capital is already sunk and the traffic exists to amortise it, which is the assumption doing all the work in every entry in this section.  Fairing volume: no usable volume: the StarTram studies give no cargo-vehicle payload volume.",maglev,earth_surface,2,30.0,0,USA,unavailable,not_applicable,not_applicable,,target,1600000,1600000,40000,40000,15000.0,15000.0,10000.0,10000.0,40,40,107.0,107.0,160.0,160.0,none,2026-09-23,1.18.1
Skylon / SABRE,concept — Reaction Engines,concept,15000,4000.0,2000.0,212.0,15000000,1000,3750.0,7500.0,2026,"Air-breathing single-stage-to-orbit spaceplane: a precooler chills Mach-5 intake air in ~1/100 s so a rocket engine can breathe it to Mach 5.5, then closes the cycle. The precooler was demonstrated at Mach-5 conditions in 2019 and is the only part that was.  Reaction Engines Ltd entered administration in October 2024 — status 'concept' here is a statement about the company as much as the technology.  Fairing volume: Reaction Engines SKYLON Users' Manual Rev 1, Fig 13, payload envelope: 2,350 mm maximum radius, 13,000 mm long with 10 deg end clearances of 799 mm at the floor.  The polygonal section is approximated by that circle.",airbreathing,earth_surface,4,3.0,0,UK,unavailable,full,hydrolox,,target,15000000,15000000,15000,15000,4000.0,4000.0,2000.0,2000.0,1000,1000,3750.0,3750.0,7500.0,7500.0,guide,2026-09-23,1.18.1
Sea Dragon,concept — Truax / Aerojet 1962,concept,550000,200000.0,150000.0,,300000000,545,1500.0,2000.0,2026,"Truax's 1962 sea-launched pressure-fed two-stage vehicle: 550 t to LEO, 23 m in diameter, built to shipyard tolerances in 8 mm steel rather than to aerospace ones.  TRW reviewed the design and found it sound.  It is here because it is the canonical demonstration that launch cost is an engineering CHOICE about tolerance and scale, not a physical constant — the entire premise the $/kg column rests on.  Fairing volume: no usable volume: the 1962 Aerojet study gives no payload bay dimensions.",chemical_rocket,earth_surface,2,4.0,0,USA,unavailable,expendable,kerolox,,target,300000000,300000000,550000,550000,200000.0,200000.0,150000.0,150000.0,545,545,1500.0,1500.0,2000.0,2000.0,none,2026-09-23,1.18.1
Lunar mass driver,concept — O'Neill 1974,concept,100000,0.0,100000.0,,1000000,10,,10.0,2026,"Electromagnetically launch lunar regolith to escape velocity — 2.4 km/s, against Earth's 11.2 — with no atmosphere in the way.  O'Neill and Snow built and ran a prototype at Princeton in 1977.  The $/kg is electricity and amortisation, and it is roughly two hundred times below the cheapest rocket here.
⚠️  The payload columns are ANNUAL THROUGHPUT, not per-launch mass, and the origin is the lunar surface.  Module 4 departs from Earth and prices a discrete launch, so it cannot read either column correctly — which is why origin is gated rather than merely status.  This row is a marker for a delivery architecture the pipeline does not model, not an input to it.  Fairing volume: no usable volume: a mass driver throws bulk material in buckets; it has no fairing, and its payload columns are annual throughput.",kinetic,lunar_surface,3,1000.0,0,USA,unavailable,not_applicable,not_applicable,,target,1000000,1000000,100000,100000,0.0,0.0,100000.0,100000.0,10,10,,,10.0,10.0,none,2026-09-23,1.18.1
Lunar space elevator,concept — Pearson 1979,concept,50000,0.0,50000.0,,500000,10,,10.0,2026,"A tether from the lunar surface through Earth-Moon L1. Unlike an Earth elevator this needs NO new material: the Moon's shallow well and the L1 balance point put the required specific strength inside what Zylon and M5 already deliver (Pearson 1979; Eubanks & Radley 2016).  It is a manufacturing and capital problem, not a materials-science one — the single most under-appreciated entry in this table.
⚠️  Same caveats as the lunar mass driver: annual throughput, lunar origin, gated.  Fairing volume: no usable volume: a tether climber has no fairing, and its payload columns are annual throughput.",tether,lunar_surface,2,0.2,0,USA,unavailable,not_applicable,not_applicable,,target,500000,500000,50000,50000,0.0,0.0,50000.0,50000.0,10,10,,,10.0,10.0,none,2026-09-23,1.18.1
Earth space elevator,concept — Artsutanov 1960,concept,20000,20000.0,20000.0,,2000000,100,100.0,100.0,2026,"The one that needs a material nobody has.  A geostationary tether wants ~50-100 GPa·cm³/g of specific strength; carbon nanotube achieves it in single tubes millimetres long and nothing has been spun into a macroscopic fibre within an order of magnitude of it.  TRL 1, and unlike every other row here the gap is physics of materials rather than money.  Listed so that its absence is not read as an oversight, and so the LUNAR elevator two rows up is not tarred with it.  Fairing volume: no usable volume: a tether climber has no fairing, and its payload columns are annual throughput.",tether,earth_surface,1,0.1,0,USSR,unavailable,not_applicable,not_applicable,,target,2000000,2000000,20000,20000,20000.0,20000.0,20000.0,20000.0,100,100,100.0,100.0,100.0,100.0,none,2026-09-23,1.18.1
